"8944ff8","Phenomenax","Thu, 26 Oct 2023 23:45:26 +1000","Font styling","Change fonts in some places to achieve consistency	",	
 7 files changed, 25 insertions(+), 6 deletions(-)	"620d221","Phenomenax","Mon, 23 Oct 2023 16:56:36 +1000","Music streaming","Added music streaming function	",
	 5 files changed, 13 insertions(+), 14 deletions(-)	"8315155","Phenomenax","Mon, 23 Oct 2023 15:27:35 +1000","Accessibility update","Update alt text and aria label to code
",		 11 files changed, 212 insertions(+), 62 deletions(-)
"6cf3a8b","Phenomenax","Mon, 23 Oct 2023 01:09:06 +1000","Album page styling","Added better styling to album page	",	
 4 files changed, 29 insertions(+), 9 deletions(-)	"a17b799","Phenomenax","Mon, 23 Oct 2023 00:47:54 +1000","Posting Page","Added more elements to loading page to make it aesthetic	",
	 11 files changed, 90 insertions(+), 27 deletions(-)	"9dbdf93","Phenomenax","Sun, 22 Oct 2023 20:30:21 +1000","Album page","Complete the album page and did styling for posting page
",		 5 files changed, 178 insertions(+), 3 deletions(-)
"31292b0","Phenomenax","Fri, 20 Oct 2023 16:54:06 +1000","API Get","Finish the api get function on home page	",	
 4 files changed, 21 insertions(+), 16 deletions(-)	"6da4124","Phenomenax","Thu, 19 Oct 2023 16:40:12 +1000","API Post finished","Finishing the javascript for API Post	",
	 3 files changed, 65 insertions(+), 3 deletions(-)	"10532b3","Phenomenax","Thu, 19 Oct 2023 10:17:26 +1000","Fetch POST","Working on javascript and api POST
",		 5 files changed, 76 insertions(+), 21 deletions(-)
"3832f72","Phenomenax","Mon, 16 Oct 2023 16:23:08 +1000","Forum page styling","Added responsive design to forum page and completed basic layout for other two pages	",	
 9 files changed, 206 insertions(+), 204 deletions(-)	"a255931","Phenomenax","Mon, 16 Oct 2023 13:19:22 +1000","Forum page","Launched the forum page and did a basic styling work	",
	 10 files changed, 521 insertions(+), 37 deletions(-)	"769bca6","Phenomenax","Wed, 11 Oct 2023 16:12:17 +1000","Home page and login","Improve the layout of the home page and create the login page
",		 7 files changed, 298 insertions(+), 129 deletions(-)
"72c3984","Phenomenax","Mon, 9 Oct 2023 16:34:16 +1000","Home page structure","Creating the basic structure and layout of the home page.	",	
 6 files changed, 223 insertions(+)	"1f3d24c","Phenomenax","Fri, 22 Sep 2023 12:44:21 +1000","Website imp setup","setup folders and gitignore files	",
	 3 files changed, 4 insertions(+), 1 deletion(-)	"dfc6378","Phenomenax","Tue, 19 Sep 2023 07:07:31 +1000","Responsive flex","Done with responsive grid and other adjustment
",		 6 files changed, 120 insertions(+), 3 deletions(-)
"1cd44d0","Phenomenax","Mon, 18 Sep 2023 16:50:15 +1000","responsive grid","design two responsive grid in design page	",	
 3 files changed, 55 insertions(+), 1 deletion(-)	"ac63420","Phenomenax","Mon, 18 Sep 2023 16:34:11 +1000","Personal icon","Adding personal icon to home page	",
	 7 files changed, 38 insertions(+), 2 deletions(-)	"1e7f640","Phenomenax","Mon, 11 Sep 2023 22:11:50 +1000","Prac 2","Minor update with the format of the icon
",		 1 file changed, 2 insertions(+), 1 deletion(-)
"72d900b","Phenomenax","Mon, 11 Sep 2023 17:27:47 +1000","Prac 2 Menu Update","Adding icons and aria-label to the menu of displaying mode, and formatting them properly.	",	
 13 files changed, 308 insertions(+), 7 deletions(-)	"bc31197","Phenomenax","Mon, 4 Sep 2023 17:31:19 +1000","Prac 2 ARIA update","Use js files to make sure only one ARIA label is activated at a time	",
	 3 files changed, 29 insertions(+), 2 deletions(-)	"b3d170b","Phenomenax","Mon, 4 Sep 2023 17:18:59 +1000","Practice 2 side menu","Finish the formatting for the side menu when displaying in different mobile devices with different width.
",		 4 files changed, 108 insertions(+), 3 deletions(-)
"37fffa1","Phenomenax","Mon, 4 Sep 2023 16:19:04 +1000","Practice 2","Basic html and css for practice 2.	",	
 4 files changed, 21 insertions(+)	"0d47ab0","Phenomenax","Mon, 28 Aug 2023 16:08:36 +1000","POSTing the form to an API (database)","complete the form and make it user-friendly and make it able to post data to API	",
	 8 files changed, 251 insertions(+), 4 deletions(-)	"a344d70","Phenomenax","Sat, 12 Aug 2023 21:58:45 +1000","Button upgraded","upgraded the discount code button
",		 4 files changed, 16 insertions(+), 13 deletions(-)
"998dbb0","Phenomenax","Sat, 12 Aug 2023 21:29:41 +1000","Gallery page completed","added pictures to gallery page and adjusted the format of them	",	
 15 files changed, 128 insertions(+), 10 deletions(-)	"ab206da","Phenomenax","Sat, 12 Aug 2023 13:19:03 +1000","Add in google fonts","add google fonts reference to the files	",
	 2 files changed, 13 insertions(+), 3 deletions(-)	"c25d658","Phenomenax","Wed, 9 Aug 2023 16:22:59 +1000","create navigation and add javascript","Created navigation through pages, and a discount button linked with javascript
",		 5 files changed, 57 insertions(+), 16 deletions(-)
"ce5111f","Phenomenax","Wed, 9 Aug 2023 16:03:44 +1000","page structure and index style","Created the base page structure for the website, styled index.html	",	
 9 files changed, 143 insertions(+)	"8d48a23","Phenomenax","Mon, 24 Jul 2023 17:04:21 +1000","Initial commit","",	
 2 files changed, 4 insertions(+)		
